TT_LOT_NO,SCHEDULE,DUE_HOUR,RECIPENAME,PROD_TIME,
LOT_A,LOT_A0002,240,REC0001,2.85,9975.45
LOT_A,LOT_A0009,240,REC0001,2.85,
LOT_A,LOT_A0010,240,REC0001,2.85,
LOT_A,LOT_A0012,240,REC0001,2.85,
LOT_A,LOT_A0013,240,REC0001,2.85,
LOT_A,LOT_A0015,240,REC0001,2.85,
LOT_A,LOT_A0018,240,REC0001,2.85,
LOT_A,LOT_A0020,240,REC0001,2.85,
LOT_A,LOT_A0022,240,REC0001,2.85,
LOT_A,LOT_A0024,240,REC0001,2.85,
LOT_A,LOT_A0028,240,REC0001,2.85,
LOT_A,LOT_A0031,240,REC0001,2.85,
LOT_A,LOT_A0032,240,REC0001,2.85,
LOT_AA,LOT_AA0002,120,REC0010,4.4,
LOT_AA,LOT_AA0004,120,REC0010,4.4,
LOT_AA,LOT_AA0005,120,REC0010,4.4,
LOT_AA,LOT_AA0009,120,REC0010,4.4,
LOT_AA,LOT_AA0017,120,REC0010,4.4,
LOT_AA,LOT_AA0020,120,REC0010,4.5,
LOT_AA,LOT_AA0025,120,REC0010,4.5,
LOT_AA,LOT_AA0026,120,REC0010,4.5,
LOT_AA,LOT_AA0027,120,REC0010,4.5,
LOT_AA,LOT_AA0029,120,REC0010,4.5,
LOT_AA,LOT_AA0034,120,REC0010,4.5,
LOT_AA,LOT_AA0036,120,REC0010,4.5,
LOT_AB,LOT_AB0001,48,REC0010,4.1,
LOT_AB,LOT_AB0003,48,REC0010,4.1,
LOT_AB,LOT_AB0009,48,REC0010,4.1,
LOT_AB,LOT_AB0010,48,REC0010,4.1,
LOT_AB,LOT_AB0016,48,REC0010,4.1,
LOT_AC,LOT_AC0001,72,REC0010,4.15,
LOT_AC,LOT_AC0003,72,REC0010,4.15,
LOT_AC,LOT_AC0012,72,REC0010,4.15,
LOT_AC,LOT_AC0013,72,REC0010,4.15,
LOT_AC,LOT_AC0019,72,REC0010,4.15,
LOT_AD,LOT_AD0004,96,REC0010,4.5,
LOT_AD,LOT_AD0007,96,REC0010,4.5,
LOT_AD,LOT_AD0010,96,REC0010,4.5,
LOT_AD,LOT_AD0011,96,REC0010,4.5,
LOT_AD,LOT_AD0015,96,REC0010,4.5,
LOT_AD,LOT_AD0019,96,REC0010,4.5,
LOT_AD,LOT_AD0021,96,REC0010,4.5,
LOT_AD,LOT_AD0024,96,REC0010,4.5,
LOT_AD,LOT_AD0033,96,REC0010,4.5,
LOT_AD,LOT_AD0034,96,REC0010,4.5,
LOT_AD,LOT_AD0035,96,REC0010,4.5,
LOT_AD,LOT_AD0039,96,REC0010,4.5,
LOT_AD,LOT_AD0041,96,REC0010,4.5,
LOT_AD,LOT_AD0043,96,REC0010,4.5,
LOT_AD,LOT_AD0044,96,REC0010,4.5,
LOT_AD,LOT_AD0046,96,REC0010,4.5,
LOT_AD,LOT_AD0049,96,REC0010,4.5,
LOT_AD,LOT_AD0050,96,REC0010,4.5,
LOT_AD,LOT_AD0060,96,REC0010,4.5,
LOT_AD,LOT_AD0062,96,REC0010,4.5,
LOT_AD,LOT_AD0064,96,REC0010,4.5,
LOT_AE,LOT_AE0002,24,REC0011,4.6,
LOT_AE,LOT_AE0004,24,REC0011,4.6,
LOT_AE,LOT_AE0005,24,REC0011,4.6,
LOT_AE,LOT_AE0012,24,REC0011,4.6,
LOT_AE,LOT_AE0013,24,REC0011,4.6,
LOT_AE,LOT_AE0014,24,REC0011,4.6,
LOT_AE,LOT_AE0016,24,REC0011,4.6,
LOT_AE,LOT_AE0018,24,REC0011,4.6,
LOT_AE,LOT_AE0019,24,REC0011,4.6,
LOT_AE,LOT_AE0020,24,REC0011,4.6,
LOT_AE,LOT_AE0021,24,REC0011,4.6,
LOT_AE,LOT_AE0024,24,REC0011,4.6,
LOT_AE,LOT_AE0027,24,REC0011,4.6,
LOT_AE,LOT_AE0034,24,REC0011,4.6,
LOT_AE,LOT_AE0036,24,REC0011,4.6,
LOT_AE,LOT_AE0038,24,REC0011,4.6,
LOT_AF,LOT_AF0001,72,REC0011,12,
LOT_AF,LOT_AF0002,72,REC0011,12,
LOT_AF,LOT_AF0008,72,REC0011,12,
LOT_AF,LOT_AF0009,72,REC0011,12,
LOT_AF,LOT_AF0011,72,REC0011,12,
LOT_AG,LOT_AG0001,96,REC0012,4.45,
LOT_AG,LOT_AG0006,96,REC0012,4.45,
LOT_AG,LOT_AG0018,96,REC0012,4.45,
LOT_AG,LOT_AG0020,96,REC0012,4.45,
LOT_AG,LOT_AG0022,96,REC0012,4.45,
LOT_AG,LOT_AG0026,96,REC0012,4.45,
LOT_AG,LOT_AG0027,96,REC0012,4.45,
LOT_AG,LOT_AG0028,96,REC0012,4.45,
LOT_AG,LOT_AG0031,96,REC0012,4.45,
LOT_AG,LOT_AG0032,96,REC0012,4.45,
LOT_AG,LOT_AG0035,96,REC0012,4.45,
LOT_AG,LOT_AG0038,96,REC0012,4.45,
LOT_AH,LOT_AH0005,96,REC0012,4.55,
LOT_AH,LOT_AH0010,96,REC0012,4.55,
LOT_AH,LOT_AH0012,96,REC0012,4.55,
LOT_AH,LOT_AH0016,96,REC0012,4.55,
LOT_AH,LOT_AH0018,96,REC0012,4.55,
LOT_AH,LOT_AH0019,96,REC0012,4.55,
LOT_AH,LOT_AH0022,96,REC0012,4.55,
LOT_AH,LOT_AH0028,96,REC0012,4.55,
LOT_AH,LOT_AH0030,96,REC0012,4.55,
LOT_AI,LOT_AI0001,96,REC0012,4.5,
LOT_AI,LOT_AI0004,96,REC0012,4.5,
LOT_AI,LOT_AI0007,96,REC0012,4.5,
LOT_AI,LOT_AI0008,96,REC0012,4.5,
LOT_AI,LOT_AI0009,96,REC0012,4.5,
LOT_AI,LOT_AI0010,96,REC0012,4.5,
LOT_AI,LOT_AI0011,96,REC0012,4.5,
LOT_AI,LOT_AI0014,96,REC0012,4.5,
LOT_AI,LOT_AI0019,96,REC0012,4.5,
LOT_AI,LOT_AI0032,96,REC0012,4.5,
LOT_AI,LOT_AI0036,96,REC0012,4.5,
LOT_AI,LOT_AI0038,96,REC0012,4.5,
LOT_AI,LOT_AI0040,96,REC0012,4.5,
LOT_AJ,LOT_AJ0001,96,REC0012,4.4,
LOT_AJ,LOT_AJ0002,96,REC0012,4.4,
LOT_AJ,LOT_AJ0006,96,REC0012,4.4,
LOT_AJ,LOT_AJ0007,96,REC0012,4.4,
LOT_AJ,LOT_AJ0008,96,REC0012,4.4,
LOT_AJ,LOT_AJ0011,96,REC0012,4.4,
LOT_AJ,LOT_AJ0012,96,REC0012,4.4,
LOT_AJ,LOT_AJ0021,96,REC0012,4.4,
LOT_AJ,LOT_AJ0026,96,REC0012,4.4,
LOT_AJ,LOT_AJ0033,96,REC0012,4.4,
LOT_AJ,LOT_AJ0034,96,REC0012,4.4,
LOT_AJ,LOT_AJ0041,96,REC0012,4.4,
LOT_AK,LOT_AK0001,96,REC0012,4.35,
LOT_AK,LOT_AK0002,96,REC0012,4.35,
LOT_AK,LOT_AK0005,96,REC0012,4.35,
LOT_AK,LOT_AK0006,96,REC0012,4.35,
LOT_AK,LOT_AK0012,96,REC0012,4.35,
LOT_AK,LOT_AK0013,96,REC0012,4.35,
LOT_AK,LOT_AK0015,96,REC0012,4.35,
LOT_AK,LOT_AK0016,96,REC0012,4.35,
LOT_AK,LOT_AK0017,96,REC0012,4.35,
LOT_AK,LOT_AK0020,96,REC0012,4.35,
LOT_AK,LOT_AK0021,96,REC0012,4.35,
LOT_AK,LOT_AK0027,96,REC0012,4.35,
LOT_AK,LOT_AK0031,96,REC0012,4.35,
LOT_AK,LOT_AK0034,96,REC0012,4.35,
LOT_AK,LOT_AK0035,96,REC0012,4.35,
LOT_AK,LOT_AK0038,96,REC0012,4.35,
LOT_AL,LOT_AL0002,144,REC0013,6.35,
LOT_AL,LOT_AL0009,144,REC0013,6.35,
LOT_AL,LOT_AL0011,144,REC0013,6.35,
LOT_AL,LOT_AL0012,144,REC0013,6.35,
LOT_AL,LOT_AL0013,144,REC0013,6.35,
LOT_AL,LOT_AL0014,144,REC0013,6.35,
LOT_AM,LOT_AM0001,144,REC0013,6.35,
LOT_AM,LOT_AM0002,144,REC0013,6.35,
LOT_AM,LOT_AM0006,144,REC0013,6.35,
LOT_AM,LOT_AM0011,144,REC0013,6.35,
LOT_AM,LOT_AM0014,144,REC0013,6.35,
LOT_AM,LOT_AM0015,144,REC0013,6.35,
LOT_AM,LOT_AM0017,144,REC0013,6.35,
LOT_AM,LOT_AM0023,144,REC0013,6.35,
LOT_AM,LOT_AM0025,144,REC0013,6.35,
LOT_AM,LOT_AM0031,144,REC0013,6.35,
LOT_AM,LOT_AM0038,144,REC0013,6.35,
LOT_AM,LOT_AM0040,144,REC0013,6.35,
LOT_AM,LOT_AM0044,144,REC0013,6.35,
LOT_AM,LOT_AM0051,144,REC0013,6.35,
LOT_AM,LOT_AM0052,144,REC0013,6.35,
LOT_AM,LOT_AM0053,144,REC0013,6.35,
LOT_AM,LOT_AM0054,144,REC0013,6.35,
LOT_AM,LOT_AM0055,144,REC0013,6.35,
LOT_AM,LOT_AM0058,144,REC0013,6.35,
LOT_AM,LOT_AM0059,144,REC0013,6.35,
LOT_AM,LOT_AM0060,144,REC0013,6.35,
LOT_AM,LOT_AM0062,144,REC0013,6.35,
LOT_AM,LOT_AM0064,144,REC0013,6.35,
LOT_AM,LOT_AM0067,144,REC0013,6.35,
LOT_AM,LOT_AM0068,144,REC0013,6.35,
LOT_AM,LOT_AM0069,144,REC0013,6.35,
LOT_AM,LOT_AM0074,144,REC0013,6.35,
LOT_AN,LOT_AN0005,96,REC0013,17.1,
LOT_AN,LOT_AN0009,96,REC0013,17.1,
LOT_AN,LOT_AN0010,96,REC0013,17.1,
LOT_AO,LOT_AO0004,120,REC0013,6.5,
LOT_AO,LOT_AO0005,120,REC0013,6.5,
LOT_AO,LOT_AO0007,120,REC0013,6.5,
LOT_AO,LOT_AO0014,120,REC0013,6.5,
LOT_AO,LOT_AO0018,120,REC0013,6.5,
LOT_AO,LOT_AO0020,120,REC0013,6.5,
LOT_AO,LOT_AO0022,120,REC0013,6.5,
LOT_AO,LOT_AO0023,120,REC0013,6.5,
LOT_AO,LOT_AO0024,120,REC0013,6.5,
LOT_AO,LOT_AO0025,120,REC0013,6.5,
LOT_AO,LOT_AO0031,120,REC0013,6.5,
LOT_AO,LOT_AO0032,120,REC0013,6.5,
LOT_AO,LOT_AO0034,120,REC0013,6.5,
LOT_AO,LOT_AO0046,120,REC0013,6.5,
LOT_AO,LOT_AO0047,120,REC0013,6.5,
LOT_AO,LOT_AO0048,120,REC0013,6.5,
LOT_AO,LOT_AO0049,120,REC0013,6.5,
LOT_AO,LOT_AO0052,120,REC0013,6.5,
LOT_AO,LOT_AO0054,120,REC0013,6.5,
LOT_AO,LOT_AO0055,120,REC0013,6.5,
LOT_AO,LOT_AO0057,120,REC0013,6.5,
LOT_AO,LOT_AO0058,120,REC0013,6.5,
LOT_AO,LOT_AO0059,120,REC0013,6.5,
LOT_AO,LOT_AO0064,120,REC0013,6.5,
LOT_AO,LOT_AO0071,120,REC0013,6.5,
LOT_AO,LOT_AO0073,120,REC0013,6.5,
LOT_AO,LOT_AO0076,120,REC0013,6.5,
LOT_AO,LOT_AO0077,120,REC0013,6.5,
LOT_AO,LOT_AO0083,120,REC0013,6.5,
LOT_AO,LOT_AO0087,120,REC0013,6.5,
LOT_AP,LOT_AP0001,192,REC0014,14.25,
LOT_AP,LOT_AP0004,192,REC0014,14.25,
LOT_AP,LOT_AP0007,192,REC0014,14.25,
LOT_AP,LOT_AP0010,192,REC0014,14.25,
LOT_AP,LOT_AP0013,192,REC0014,14.25,
LOT_AP,LOT_AP0022,192,REC0014,14.25,
LOT_AP,LOT_AP0023,192,REC0014,14.25,
LOT_AP,LOT_AP0028,192,REC0014,14.25,
LOT_AP,LOT_AP0030,192,REC0014,14.25,
LOT_AP,LOT_AP0032,192,REC0014,14.25,
LOT_AP,LOT_AP0036,192,REC0014,14.25,
LOT_AP,LOT_AP0039,192,REC0014,14.25,
LOT_AP,LOT_AP0043,192,REC0014,14.25,
LOT_AP,LOT_AP0048,192,REC0014,14.25,
LOT_AP,LOT_AP0051,192,REC0014,14.25,
LOT_AP,LOT_AP0053,192,REC0014,14.25,
LOT_AP,LOT_AP0060,192,REC0014,14.25,
LOT_AP,LOT_AP0061,192,REC0014,14.25,
LOT_AP,LOT_AP0062,192,REC0014,14.25,
LOT_AP,LOT_AP0065,192,REC0014,14.25,
LOT_AP,LOT_AP0066,192,REC0014,14.25,
LOT_AP,LOT_AP0069,192,REC0014,14.25,
LOT_AP,LOT_AP0074,192,REC0014,14.25,
LOT_AP,LOT_AP0079,192,REC0014,14.25,
LOT_AP,LOT_AP0082,192,REC0014,14.25,
LOT_AP,LOT_AP0084,192,REC0014,14.25,
LOT_AQ,LOT_AQ0003,192,REC0014,18.25,
LOT_AQ,LOT_AQ0011,192,REC0014,18.25,
LOT_AQ,LOT_AQ0012,192,REC0014,18.25,
LOT_AQ,LOT_AQ0013,192,REC0014,18.25,
LOT_AQ,LOT_AQ0016,192,REC0014,18.25,
LOT_AQ,LOT_AQ0017,192,REC0014,18.25,
LOT_AQ,LOT_AQ0018,192,REC0014,18.25,
LOT_AQ,LOT_AQ0021,192,REC0014,18.25,
LOT_AQ,LOT_AQ0023,192,REC0014,18.25,
LOT_AQ,LOT_AQ0026,192,REC0014,18.25,
LOT_AQ,LOT_AQ0027,192,REC0014,18.25,
LOT_AR,LOT_AR0001,192,REC0014,20.35,
LOT_AR,LOT_AR0003,192,REC0014,20.35,
LOT_AR,LOT_AR0007,192,REC0014,20.35,
LOT_AR,LOT_AR0010,192,REC0014,20.35,
LOT_AR,LOT_AR0013,192,REC0014,20.35,
LOT_AR,LOT_AR0016,192,REC0014,20.35,
LOT_AR,LOT_AR0019,192,REC0014,23.15,
LOT_AR,LOT_AR0021,192,REC0014,23.15,
LOT_AR,LOT_AR0027,192,REC0014,23.15,
LOT_AR,LOT_AR0028,192,REC0014,23.15,
LOT_AR,LOT_AR0029,192,REC0014,23.15,
LOT_AS,LOT_AS0001,192,REC0014,17.5,
LOT_AS,LOT_AS0003,192,REC0014,17.5,
LOT_AS,LOT_AS0005,192,REC0014,17.5,
LOT_AS,LOT_AS0007,192,REC0014,17.5,
LOT_AS,LOT_AS0008,192,REC0014,17.5,
LOT_AS,LOT_AS0009,192,REC0014,17.5,
LOT_AS,LOT_AS0011,192,REC0014,17.5,
LOT_AS,LOT_AS0012,192,REC0014,17.5,
LOT_AS,LOT_AS0014,192,REC0014,17.5,
LOT_AS,LOT_AS0017,192,REC0014,17.5,
LOT_AS,LOT_AS0018,192,REC0014,17.5,
LOT_AS,LOT_AS0028,192,REC0014,17.5,
LOT_AS,LOT_AS0031,192,REC0014,17.5,
LOT_AS,LOT_AS0032,192,REC0014,17.5,
LOT_AT,LOT_AT0001,48,REC0015,19.75,
LOT_AT,LOT_AT0002,48,REC0015,19.75,
LOT_AT,LOT_AT0003,48,REC0015,19.75,
LOT_AT,LOT_AT0004,48,REC0015,19.75,
LOT_AT,LOT_AT0005,48,REC0015,19.75,
LOT_AT,LOT_AT0009,48,REC0015,19.75,
LOT_AT,LOT_AT0010,48,REC0015,19.75,
LOT_AT,LOT_AT0014,48,REC0015,19.75,
LOT_AT,LOT_AT0017,48,REC0015,19.75,
LOT_AT,LOT_AT0018,48,REC0015,19.75,
LOT_AT,LOT_AT0021,48,REC0015,19.75,
LOT_AT,LOT_AT0026,48,REC0015,19.75,
LOT_AT,LOT_AT0028,48,REC0015,19.75,
LOT_AT,LOT_AT0031,48,REC0015,19.75,
LOT_AT,LOT_AT0033,48,REC0015,19.75,
LOT_AT,LOT_AT0035,48,REC0015,19.75,
LOT_AU,LOT_AU0002,168,REC0016,8.35,
LOT_AU,LOT_AU0005,168,REC0016,8.35,
LOT_AU,LOT_AU0006,168,REC0016,8.35,
LOT_AU,LOT_AU0009,168,REC0016,8.35,
LOT_AU,LOT_AU0010,168,REC0016,8.35,
LOT_AY,LOT_AY0001,48,REC0009,15,
LOT_AZ,LOT_AZ0001,48,REC0009,15,
LOT_B,LOT_B0001,192,REC0001,3.75,
LOT_B,LOT_B0004,192,REC0001,3.75,
LOT_B,LOT_B0006,192,REC0001,3.75,
LOT_B,LOT_B0007,192,REC0001,3.75,
LOT_B,LOT_B0011,192,REC0001,4.7,
LOT_B,LOT_B0014,192,REC0001,4.7,
LOT_B,LOT_B0019,192,REC0001,4.7,
LOT_B,LOT_B0020,192,REC0001,4.7,
LOT_BB,LOT_BB0001,24,REC0024,13.45,
LOT_BF,LOT_BF0001,24,REC0024,13.55,
LOT_BH,LOT_BH0001,24,REC0024,13.65,
LOT_BI,LOT_BI0001,24,REC0024,14.5,
LOT_BL,LOT_BL0001,144,REC0017,30.3,
LOT_BL,LOT_BL0002,144,REC0017,30.3,
LOT_BL,LOT_BL0009,144,REC0017,30.3,
LOT_BL,LOT_BL0010,144,REC0017,30.3,
LOT_BL,LOT_BL0011,144,REC0017,30.3,
LOT_BL,LOT_BL0012,144,REC0017,30.3,
LOT_BL,LOT_BL0014,144,REC0017,30.3,
LOT_BM,LOT_BM0002,144,REC0017,31.25,
LOT_BM,LOT_BM0013,144,REC0017,31.25,
LOT_BM,LOT_BM0018,144,REC0017,31.25,
LOT_BM,LOT_BM0019,144,REC0017,31.25,
LOT_BM,LOT_BM0025,144,REC0017,31.25,
LOT_BM,LOT_BM0027,144,REC0017,31.25,
LOT_BM,LOT_BM0029,144,REC0017,31.25,
LOT_BM,LOT_BM0030,144,REC0017,31.25,
LOT_BM,LOT_BM0032,144,REC0017,31.25,
LOT_BM,LOT_BM0033,144,REC0017,31.25,
LOT_BM,LOT_BM0035,144,REC0017,29.55,
LOT_BM,LOT_BM0036,144,REC0017,29.55,
LOT_BM,LOT_BM0037,144,REC0017,29.55,
LOT_BM,LOT_BM0042,144,REC0017,29.55,
LOT_BM,LOT_BM0044,144,REC0017,29.55,
LOT_BM,LOT_BM0046,144,REC0017,29.55,
LOT_BM,LOT_BM0048,144,REC0017,29.55,
LOT_BM,LOT_BM0052,144,REC0017,29.55,
LOT_BM,LOT_BM0053,144,REC0017,29.55,
LOT_BM,LOT_BM0054,144,REC0017,29.55,
LOT_BM,LOT_BM0055,144,REC0017,29.55,
LOT_BM,LOT_BM0058,144,REC0017,29.55,
LOT_BM,LOT_BM0059,144,REC0017,29.55,
LOT_BM,LOT_BM0060,144,REC0017,29.55,
LOT_BM,LOT_BM0061,144,REC0017,29.55,
LOT_BM,LOT_BM0064,144,REC0017,29.55,
LOT_BM,LOT_BM0065,144,REC0017,29.55,
LOT_BN,LOT_BN0001,24,REC0024,14.1,
LOT_BO,LOT_BO0001,72,REC0018,6.15,
LOT_BO,LOT_BO0003,72,REC0018,6.15,
LOT_BO,LOT_BO0006,72,REC0018,6.15,
LOT_BO,LOT_BO0008,72,REC0018,6.15,
LOT_BO,LOT_BO0009,72,REC0018,6.15,
LOT_BO,LOT_BO0011,72,REC0018,6.15,
LOT_BO,LOT_BO0014,72,REC0018,6.15,
LOT_BO,LOT_BO0015,72,REC0018,6.15,
LOT_BO,LOT_BO0016,72,REC0018,6.15,
LOT_BP,LOT_BP0002,96,REC0018,6,
LOT_BP,LOT_BP0003,96,REC0018,6,
LOT_BP,LOT_BP0007,96,REC0018,6,
LOT_BP,LOT_BP0010,96,REC0018,6,
LOT_BP,LOT_BP0011,96,REC0018,6,
LOT_BP,LOT_BP0012,96,REC0018,6,
LOT_BP,LOT_BP0015,96,REC0018,6,
LOT_BP,LOT_BP0017,96,REC0018,6,
LOT_BP,LOT_BP0019,96,REC0018,6,
LOT_BQ,LOT_BQ0003,48,REC0019,15.95,
LOT_BQ,LOT_BQ0004,48,REC0019,15.95,
LOT_BQ,LOT_BQ0007,48,REC0019,15.95,
LOT_BQ,LOT_BQ0008,48,REC0019,15.95,
LOT_BQ,LOT_BQ0011,48,REC0019,15.95,
LOT_BR,LOT_BR0001,24,REC0024,13.4,
LOT_BS,LOT_BS0006,48,REC0019,15.8,
LOT_BS,LOT_BS0008,48,REC0019,15.8,
LOT_BS,LOT_BS0009,48,REC0019,15.8,
LOT_BS,LOT_BS0012,48,REC0019,15.8,
LOT_BS,LOT_BS0013,48,REC0019,15.8,
LOT_BS,LOT_BS0014,48,REC0019,15.8,
LOT_BS,LOT_BS0016,48,REC0019,15.8,
LOT_BT,LOT_BT0001,24,REC0024,14,
LOT_BU,LOT_BU0001,48,REC0013,17.35,
LOT_BV,LOT_BV0001,24,REC0024,14,
LOT_BW,LOT_BW0003,48,REC0013,17.45,
LOT_BW,LOT_BW0004,48,REC0013,17.45,
LOT_BW,LOT_BW0006,48,REC0013,17.45,
LOT_BX,LOT_BX0001,48,REC0013,17.05,
LOT_BX,LOT_BX0005,48,REC0013,17.05,
LOT_BY,LOT_BY0001,48,REC0013,17.15,
LOT_BY,LOT_BY0002,48,REC0013,17.15,
LOT_BZ,LOT_BZ0003,72,REC0013,16.6,
LOT_C,LOT_C0005,216,REC0001,2.95,
LOT_C,LOT_C0012,216,REC0001,2.95,
LOT_C,LOT_C0013,216,REC0001,2.95,
LOT_C,LOT_C0014,216,REC0001,2.95,
LOT_C,LOT_C0016,216,REC0001,2.95,
LOT_C,LOT_C0022,216,REC0001,2.95,
LOT_C,LOT_C0025,216,REC0001,2.95,
LOT_C,LOT_C0026,216,REC0001,2.95,
LOT_C,LOT_C0028,216,REC0001,2.95,
LOT_C,LOT_C0030,216,REC0001,2.95,
LOT_C,LOT_C0031,216,REC0001,2.95,
LOT_C,LOT_C0032,216,REC0001,2.95,
LOT_C,LOT_C0033,216,REC0001,2.95,
LOT_C,LOT_C0035,216,REC0001,2.95,
LOT_C,LOT_C0039,216,REC0001,2.95,
LOT_CA,LOT_CA0001,72,REC0013,16.55,
LOT_CA,LOT_CA0004,72,REC0013,16.55,
LOT_CB,LOT_CB0004,72,REC0013,17.3,
LOT_CB,LOT_CB0006,72,REC0013,17.3,
LOT_CC,LOT_CC0001,72,REC0013,17.05,
LOT_CC,LOT_CC0002,72,REC0013,17.05,
LOT_CC,LOT_CC0007,72,REC0013,17.05,
LOT_CE,LOT_CE0001,96,REC0013,17.15,
LOT_CE,LOT_CE0003,96,REC0013,17.15,
LOT_CE,LOT_CE0006,96,REC0013,17.15,
LOT_CH,LOT_CH0001,48,REC0016,9.75,
LOT_CH,LOT_CH0006,48,REC0016,9.75,
LOT_CH,LOT_CH0008,48,REC0016,9.75,
LOT_CH,LOT_CH0009,48,REC0016,9.75,
LOT_CI,LOT_CI0001,48,REC0016,9.6,
LOT_CI,LOT_CI0005,48,REC0016,9.6,
LOT_CI,LOT_CI0009,48,REC0016,9.6,
LOT_CI,LOT_CI0010,48,REC0016,9.6,
LOT_CJ,LOT_CJ0002,24,REC0020,10.4,
LOT_CJ,LOT_CJ0006,24,REC0020,10.4,
LOT_CJ,LOT_CJ0007,24,REC0020,10.4,
LOT_CK,LOT_CK0001,24,REC0021,8.45,
LOT_CK,LOT_CK0002,24,REC0021,8.45,
LOT_CL,LOT_CL0002,24,REC0022,10.45,
LOT_CL,LOT_CL0004,24,REC0022,10.45,
LOT_CL,LOT_CL0005,24,REC0022,10.45,
LOT_CM,LOT_CM0002,96,REC0013,16.4,
LOT_CM,LOT_CM0004,96,REC0013,16.4,
LOT_CN,LOT_CN0002,120,REC0013,16.7,
LOT_CN,LOT_CN0004,120,REC0013,16.7,
LOT_CO,LOT_CO0001,24,REC0024,14,
LOT_CP,LOT_CP0001,24,REC0024,14,
LOT_CQ,LOT_CQ0001,24,REC0024,14,
LOT_CV,LOT_CV0002,72,REC0006,10.35,
LOT_CV,LOT_CV0004,72,REC0006,10.35,
LOT_CV,LOT_CV0005,72,REC0006,10.35,
LOT_CV,LOT_CV0007,72,REC0006,10.35,
LOT_CV,LOT_CV0028,72,REC0006,10.35,
LOT_CV,LOT_CV0031,72,REC0006,10.35,
LOT_CV,LOT_CV0035,72,REC0006,10.35,
LOT_CV,LOT_CV0036,72,REC0006,10.35,
LOT_CV,LOT_CV0038,72,REC0006,10.35,
LOT_CV,LOT_CV0040,72,REC0006,10.35,
LOT_CV,LOT_CV0041,72,REC0006,10.35,
LOT_CV,LOT_CV0046,72,REC0006,10.35,
LOT_CV,LOT_CV0047,72,REC0006,10.35,
LOT_CW,LOT_CW0003,48,REC0007,10.85,
LOT_CW,LOT_CW0004,48,REC0007,10.85,
LOT_CW,LOT_CW0006,48,REC0007,10.85,
LOT_CW,LOT_CW0013,48,REC0007,10.85,
LOT_CX,LOT_CX0004,96,REC0006,10.2,
LOT_CX,LOT_CX0012,96,REC0006,10.2,
LOT_CX,LOT_CX0014,96,REC0006,10.2,
LOT_CX,LOT_CX0016,96,REC0006,10.2,
LOT_CX,LOT_CX0019,96,REC0006,10.2,
LOT_CX,LOT_CX0020,96,REC0006,10.2,
LOT_CX,LOT_CX0027,96,REC0006,10.2,
LOT_CX,LOT_CX0029,96,REC0006,10.2,
LOT_CX,LOT_CX0034,96,REC0006,10.2,
LOT_CX,LOT_CX0035,96,REC0006,10.2,
LOT_CX,LOT_CX0037,96,REC0006,10.2,
LOT_CX,LOT_CX0039,96,REC0006,10.2,
LOT_CX,LOT_CX0041,96,REC0006,10.2,
LOT_CX,LOT_CX0042,96,REC0006,10.2,
LOT_CX,LOT_CX0050,96,REC0006,10.2,
LOT_CY,LOT_CY0001,72,REC0007,9.9,
LOT_CY,LOT_CY0003,72,REC0007,9.9,
LOT_CY,LOT_CY0004,72,REC0007,9.9,
LOT_CY,LOT_CY0007,72,REC0007,9.9,
LOT_CY,LOT_CY0017,72,REC0007,9.9,
LOT_CY,LOT_CY0019,72,REC0007,9.9,
LOT_CY,LOT_CY0021,72,REC0007,9.9,
LOT_CY,LOT_CY0022,72,REC0007,9.9,
LOT_CY,LOT_CY0023,72,REC0007,9.9,
LOT_CY,LOT_CY0032,72,REC0007,9.9,
LOT_CY,LOT_CY0034,72,REC0007,9.9,
LOT_CY,LOT_CY0035,72,REC0007,9.9,
LOT_CY,LOT_CY0038,72,REC0007,9.9,
LOT_CZ,LOT_CZ0004,24,REC0023,7.75,
LOT_CZ,LOT_CZ0005,24,REC0023,7.75,
LOT_CZ,LOT_CZ0007,24,REC0023,7.75,
LOT_CZ,LOT_CZ0010,24,REC0023,7.75,
LOT_CZ,LOT_CZ0011,24,REC0023,7.75,
LOT_D,LOT_D0002,120,REC0002,18.1,
LOT_D,LOT_D0003,120,REC0002,18.1,
LOT_D,LOT_D0004,120,REC0002,18.1,
LOT_D,LOT_D0005,120,REC0002,18.1,
LOT_D,LOT_D0008,120,REC0002,18.1,
LOT_DC,LOT_DC0001,72,REC0008,8.05,
LOT_DC,LOT_DC0003,72,REC0008,8.05,
LOT_DC,LOT_DC0004,72,REC0008,8.05,
LOT_DD,LOT_DD0002,72,REC0008,8.3,
LOT_DD,LOT_DD0004,72,REC0008,8.3,
LOT_DD,LOT_DD0005,72,REC0008,8.3,
LOT_DD,LOT_DD0006,72,REC0008,8.3,
LOT_DD,LOT_DD0013,72,REC0008,8.3,
LOT_DD,LOT_DD0014,72,REC0008,8.3,
LOT_DD,LOT_DD0015,72,REC0008,8.3,
LOT_DD,LOT_DD0019,72,REC0008,8.3,
LOT_DD,LOT_DD0020,72,REC0008,8.3,
LOT_DD,LOT_DD0021,72,REC0008,8.3,
LOT_DD,LOT_DD0022,72,REC0008,8.3,
LOT_DD,LOT_DD0024,72,REC0008,8.3,
LOT_DE,LOT_DE0003,24,REC0024,14.3,
LOT_DE,LOT_DE0004,24,REC0024,14.3,
LOT_DF,LOT_DF0001,24,REC0024,14.15,
LOT_DF,LOT_DF0003,24,REC0024,14.15,
LOT_DF,LOT_DF0005,24,REC0024,14.15,
LOT_DF,LOT_DF0006,24,REC0024,14.15,
LOT_DF,LOT_DF0007,24,REC0024,14.15,
LOT_DF,LOT_DF0011,24,REC0024,14.15,
LOT_DH,LOT_DH0004,72,REC0025,7.25,
LOT_DH,LOT_DH0006,72,REC0025,7.25,
LOT_DH,LOT_DH0007,72,REC0025,7.25,
LOT_DH,LOT_DH0008,72,REC0025,7.25,
LOT_DH,LOT_DH0010,72,REC0025,7.25,
LOT_DI,LOT_DI0001,120,REC0002,16.05,
LOT_DI,LOT_DI0004,120,REC0002,16.05,
LOT_DI,LOT_DI0005,120,REC0002,16.05,
LOT_DI,LOT_DI0006,120,REC0002,16.05,
LOT_DI,LOT_DI0009,120,REC0002,16.05,
LOT_DI,LOT_DI0013,120,REC0002,16.05,
LOT_DI,LOT_DI0016,120,REC0002,16.05,
LOT_DI,LOT_DI0019,120,REC0002,16.05,
LOT_DI,LOT_DI0020,120,REC0002,16.05,
LOT_DI,LOT_DI0021,120,REC0002,16.05,
LOT_DI,LOT_DI0022,120,REC0002,16.05,
LOT_DI,LOT_DI0023,120,REC0002,16.05,
LOT_DJ,LOT_DJ0001,48,REC0003,10.7,
LOT_DJ,LOT_DJ0004,48,REC0003,10.7,
LOT_DK,LOT_DK0001,120,REC0005,12.4,
LOT_DL,LOT_DL0001,120,REC0005,12.4,
LOT_DM,LOT_DM0001,120,REC0005,12.4,
LOT_DN,LOT_DN0001,120,REC0005,12.4,
LOT_DO,LOT_DO0001,48,REC0010,13.1,
LOT_DP,LOT_DP0001,120,REC0001,4.7,
LOT_DP,LOT_DP0003,120,REC0001,4.7,
LOT_DQ,LOT_DQ0004,144,REC0001,4.95,
LOT_DQ,LOT_DQ0007,144,REC0001,4.95,
LOT_DQ,LOT_DQ0009,144,REC0001,4.95,
LOT_DQ,LOT_DQ0014,144,REC0001,4.95,
LOT_DR,LOT_DR0004,168,REC0001,4.85,
LOT_DR,LOT_DR0008,168,REC0001,4.85,
LOT_DR,LOT_DR0010,168,REC0001,4.85,
LOT_DS,LOT_DS0002,72,REC0019,15.6,
LOT_DS,LOT_DS0007,72,REC0019,15.6,
LOT_DS,LOT_DS0008,72,REC0019,15.6,
LOT_DS,LOT_DS0009,72,REC0019,15.6,
LOT_DS,LOT_DS0010,72,REC0019,15.6,
LOT_DS,LOT_DS0015,72,REC0019,15.6,
LOT_DS,LOT_DS0016,72,REC0019,15.6,
LOT_DT,LOT_DT0001,72,REC0019,15.15,
LOT_DT,LOT_DT0004,72,REC0019,15.15,
LOT_DT,LOT_DT0005,72,REC0019,15.15,
LOT_DT,LOT_DT0007,72,REC0019,15.15,
LOT_DT,LOT_DT0010,72,REC0019,15.15,
LOT_DT,LOT_DT0012,72,REC0019,15.15,
LOT_DT,LOT_DT0014,72,REC0019,15.15,
LOT_DT,LOT_DT0016,72,REC0019,15.15,
LOT_DU,LOT_DU0002,72,REC0019,15.85,
LOT_DU,LOT_DU0003,72,REC0019,15.85,
LOT_DU,LOT_DU0006,72,REC0019,15.85,
LOT_DU,LOT_DU0010,72,REC0019,15.85,
LOT_DU,LOT_DU0012,72,REC0019,15.85,
LOT_DU,LOT_DU0014,72,REC0019,15.85,
LOT_DU,LOT_DU0016,72,REC0019,15.85,
LOT_DU,LOT_DU0018,72,REC0019,15.85,
LOT_DV,LOT_DV0002,72,REC0003,8.9,
LOT_DV,LOT_DV0003,72,REC0003,8.9,
LOT_DW,LOT_DW0001,96,REC0003,8.85,
LOT_DW,LOT_DW0005,96,REC0003,8.85,
LOT_DW,LOT_DW0006,96,REC0003,8.85,
LOT_DX,LOT_DX0001,120,REC0003,8.8,
LOT_DX,LOT_DX0003,120,REC0003,8.8,
LOT_DX,LOT_DX0005,120,REC0003,8.8,
LOT_DX,LOT_DX0006,120,REC0003,8.8,
LOT_DY,LOT_DY0001,144,REC0003,9,
LOT_DY,LOT_DY0002,144,REC0003,9,
LOT_DY,LOT_DY0005,144,REC0003,9,
LOT_DZ,LOT_DZ0001,168,REC0003,8.85,
LOT_DZ,LOT_DZ0004,168,REC0003,8.85,
LOT_E,LOT_E0001,144,REC0002,6.8,
LOT_E,LOT_E0004,144,REC0002,6.8,
LOT_E,LOT_E0005,144,REC0002,6.8,
LOT_E,LOT_E0007,144,REC0002,6.8,
LOT_E,LOT_E0009,144,REC0002,6.8,
LOT_E,LOT_E0010,144,REC0002,6.8,
LOT_E,LOT_E0014,144,REC0002,6.8,
LOT_E,LOT_E0016,144,REC0002,6.8,
LOT_E,LOT_E0017,144,REC0002,6.8,
LOT_E,LOT_E0018,144,REC0002,6.8,
LOT_E,LOT_E0020,144,REC0002,6.8,
LOT_E,LOT_E0026,144,REC0002,6.8,
LOT_E,LOT_E0027,144,REC0002,6.8,
LOT_E,LOT_E0029,144,REC0002,6.8,
LOT_E,LOT_E0031,144,REC0002,6.8,
LOT_E,LOT_E0032,144,REC0002,6.8,
LOT_EA,LOT_EA0001,120,REC0005,12.4,
LOT_EB,LOT_EB0001,24,REC0019,14.7,
LOT_EB,LOT_EB0002,24,REC0019,14.7,
LOT_EB,LOT_EB0003,24,REC0019,14.7,
LOT_EC,LOT_EC0002,96,REC0012,11.5,
LOT_EC,LOT_EC0004,96,REC0012,11.5,
LOT_EC,LOT_EC0005,96,REC0012,11.5,
LOT_EC,LOT_EC0007,96,REC0012,11.5,
LOT_ED,LOT_ED0001,48,REC0016,9.95,
LOT_ED,LOT_ED0005,48,REC0016,9.95,
LOT_ED,LOT_ED0008,48,REC0016,9.95,
LOT_ED,LOT_ED0009,48,REC0016,9.95,
LOT_ED,LOT_ED0010,48,REC0016,9.95,
LOT_EE,LOT_EE0001,168,REC0003,11.4,
LOT_EE,LOT_EE0003,168,REC0003,11.4,
LOT_EE,LOT_EE0005,168,REC0003,11.4,
LOT_EE,LOT_EE0006,168,REC0003,11.4,
LOT_EE,LOT_EE0008,168,REC0003,11.4,
LOT_EF,LOT_EF0001,120,REC0005,12.3,
LOT_EG,LOT_EG0002,144,REC0014,18.3,
LOT_EG,LOT_EG0004,144,REC0014,18.3,
LOT_EG,LOT_EG0005,144,REC0014,18.3,
LOT_EG,LOT_EG0010,144,REC0014,18.3,
LOT_EG,LOT_EG0016,144,REC0014,18.3,
LOT_EH,LOT_EH0007,168,REC0014,19.35,
LOT_EH,LOT_EH0010,168,REC0014,19.35,
LOT_EH,LOT_EH0011,168,REC0014,19.35,
LOT_EI,LOT_EI0001,48,REC0015,19.4,
LOT_EI,LOT_EI0006,48,REC0015,19.4,
LOT_EJ,LOT_EJ0005,48,REC0010,13.45,
LOT_EK,LOT_EK0003,48,REC0010,13.25,
LOT_EL,LOT_EL0002,48,REC0010,14.15,
LOT_EL,LOT_EL0004,48,REC0010,14.15,
LOT_EM,LOT_EM0006,48,REC0010,13.65,
LOT_EM,LOT_EM0007,48,REC0010,13.65,
LOT_EN,LOT_EN0003,72,REC0010,13.4,
LOT_EO,LOT_EO0001,120,REC0005,12.3,
LOT_EP,LOT_EP0001,120,REC0005,12.3,
LOT_EQ,LOT_EQ0001,144,REC0014,12.2,
LOT_EQ,LOT_EQ0002,144,REC0014,12.2,
LOT_EQ,LOT_EQ0005,144,REC0014,12.2,
LOT_EQ,LOT_EQ0007,144,REC0014,12.2,
LOT_ER,LOT_ER0001,120,REC0005,12.5,
LOT_ES,LOT_ES0001,120,REC0004,7.6,
LOT_ES,LOT_ES0005,120,REC0004,7.6,
LOT_ES,LOT_ES0006,120,REC0004,7.6,
LOT_ES,LOT_ES0007,120,REC0004,7.6,
LOT_EY,LOT_EY0001,48,REC0009,16.85,
LOT_EY,LOT_EY0006,48,REC0009,16.85,
LOT_EY,LOT_EY0007,48,REC0009,16.85,
LOT_EY,LOT_EY0008,48,REC0009,16.85,
LOT_EY,LOT_EY0010,48,REC0009,16.85,
LOT_EZ,LOT_EZ0001,120,REC0005,12.5,
LOT_F,LOT_F0001,168,REC0003,8.2,
LOT_F,LOT_F0002,168,REC0003,8.2,
LOT_F,LOT_F0004,168,REC0003,8.2,
LOT_F,LOT_F0007,168,REC0003,8.2,
LOT_F,LOT_F0009,168,REC0003,8.2,
LOT_F,LOT_F0014,168,REC0003,8.2,
LOT_F,LOT_F0016,168,REC0003,8.2,
LOT_F,LOT_F0022,168,REC0003,8.2,
LOT_F,LOT_F0023,168,REC0003,8.2,
LOT_F,LOT_F0024,168,REC0003,8.2,
LOT_F,LOT_F0029,168,REC0003,8.2,
LOT_F,LOT_F0030,168,REC0003,8.2,
LOT_F,LOT_F0031,168,REC0003,8.2,
LOT_FA,LOT_FA0001,120,REC0005,8.5,
LOT_FD,LOT_FD0001,120,REC0005,8.5,
LOT_FF,LOT_FF0001,120,REC0005,8.5,
LOT_FG,LOT_FG0001,120,REC0005,8.5,
LOT_FH,LOT_FH0001,120,REC0005,8.5,
LOT_FI,LOT_FI0001,120,REC0005,8.5,
LOT_FK,LOT_FK0001,120,REC0005,8.5,
LOT_FM,LOT_FM0001,120,REC0005,8.5,
LOT_FP,LOT_FP0001,24,REC0023,8.15,
LOT_FS,LOT_FS0001,24,REC0023,8.05,
LOT_FX,LOT_FX0001,24,REC0023,7.75,
LOT_FY,LOT_FY0001,24,REC0023,8.2,
LOT_FZ,LOT_FZ0001,24,REC0023,7.7,
LOT_G,LOT_G0002,168,REC0003,7.85,
LOT_G,LOT_G0003,168,REC0003,7.85,
LOT_G,LOT_G0004,168,REC0003,7.85,
LOT_G,LOT_G0005,168,REC0003,7.85,
LOT_G,LOT_G0006,168,REC0003,7.85,
LOT_G,LOT_G0009,168,REC0003,7.85,
LOT_G,LOT_G0010,168,REC0003,7.85,
LOT_G,LOT_G0012,168,REC0003,7.85,
LOT_G,LOT_G0013,168,REC0003,7.85,
LOT_G,LOT_G0015,168,REC0003,7.85,
LOT_G,LOT_G0018,168,REC0003,7.85,
LOT_G,LOT_G0024,168,REC0003,7.85,
LOT_G,LOT_G0030,168,REC0003,7.85,
LOT_G,LOT_G0031,168,REC0003,7.85,
LOT_G,LOT_G0032,168,REC0003,7.85,
LOT_G,LOT_G0035,168,REC0003,7.85,
LOT_G,LOT_G0036,168,REC0003,7.85,
LOT_G,LOT_G0038,168,REC0003,7.85,
LOT_G,LOT_G0042,168,REC0003,7.85,
LOT_GA,LOT_GA0001,24,REC0023,7.6,
LOT_GD,LOT_GD0001,24,REC0023,7.65,
LOT_GF,LOT_GF0001,24,REC0023,8.15,
LOT_GH,LOT_GH0001,24,REC0023,7.75,
LOT_GJ,LOT_GJ0001,72,REC0025,7.65,
LOT_GM,LOT_GM0001,72,REC0025,6.95,
LOT_GN,LOT_GN0001,72,REC0025,7.15,
LOT_GP,LOT_GP0001,72,REC0025,7.4,
LOT_GU,LOT_GU0001,72,REC0025,7.1,
LOT_GW,LOT_GW0001,72,REC0025,7.45,
LOT_GY,LOT_GY0001,72,REC0025,7.05,
LOT_GZ,LOT_GZ0001,72,REC0025,7.05,
LOT_H,LOT_H0005,168,REC0004,7.75,
LOT_H,LOT_H0006,168,REC0004,7.75,
LOT_H,LOT_H0010,168,REC0004,7.75,
LOT_H,LOT_H0012,168,REC0004,7.75,
LOT_H,LOT_H0018,168,REC0004,7.75,
LOT_H,LOT_H0019,168,REC0004,7.75,
LOT_H,LOT_H0024,168,REC0004,7.75,
LOT_H,LOT_H0027,168,REC0004,7.75,
LOT_H,LOT_H0028,168,REC0004,7.75,
LOT_H,LOT_H0029,168,REC0004,7.75,
LOT_H,LOT_H0030,168,REC0004,7.75,
LOT_H,LOT_H0031,168,REC0004,7.75,
LOT_HA,LOT_HA0001,72,REC0025,7.6,
LOT_HD,LOT_HD0001,72,REC0025,7.3,
LOT_HF,LOT_HF0001,72,REC0025,7.65,
LOT_HG,LOT_HG0001,120,REC0004,7.4,
LOT_HH,LOT_HH0001,120,REC0004,7.85,
LOT_HK,LOT_HK0001,120,REC0004,7.6,
LOT_HL,LOT_HL0001,120,REC0004,7.3,
LOT_HM,LOT_HM0001,120,REC0004,7.3,
LOT_HN,LOT_HN0001,120,REC0004,7.5,
LOT_HO,LOT_HO0001,120,REC0004,7.9,
LOT_HP,LOT_HP0001,120,REC0004,7.6,
LOT_HQ,LOT_HQ0001,120,REC0004,7.85,
LOT_HT,LOT_HT0001,120,REC0004,7.75,
LOT_HX,LOT_HX0001,120,REC0004,7.75,
LOT_I,LOT_I0001,192,REC0004,6.85,
LOT_I,LOT_I0004,192,REC0004,6.85,
LOT_I,LOT_I0005,192,REC0004,6.85,
LOT_I,LOT_I0008,192,REC0004,6.85,
LOT_IA,LOT_IA0001,120,REC0004,7.6,
LOT_IB,LOT_IB0001,120,REC0004,7.8,
LOT_IC,LOT_IC0001,120,REC0004,7.6,
LOT_IF,LOT_IF0001,120,REC0004,7.5,
LOT_IG,LOT_IG0001,120,REC0004,7.65,
LOT_IH,LOT_IH0001,120,REC0004,7.8,
LOT_II,LOT_II0001,120,REC0004,7.5,
LOT_IL,LOT_IL0001,120,REC0004,7.7,
LOT_IN,LOT_IN0001,120,REC0004,7.3,
LOT_IT,LOT_IT0001,144,REC0014,12,
LOT_IU,LOT_IU0001,144,REC0014,12.85,
LOT_IY,LOT_IY0001,144,REC0014,11.95,
LOT_IZ,LOT_IZ0001,144,REC0014,11.8,
LOT_J,LOT_J0001,120,REC0004,6,
LOT_J,LOT_J0003,120,REC0004,6,
LOT_J,LOT_J0007,120,REC0004,6,
LOT_JA,LOT_JA0001,144,REC0014,11.85,
LOT_JC,LOT_JC0001,144,REC0014,11.85,
LOT_JD,LOT_JD0001,144,REC0014,12.45,
LOT_JE,LOT_JE0001,144,REC0014,12.55,
LOT_JF,LOT_JF0001,144,REC0014,12.3,
LOT_JG,LOT_JG0001,48,REC0020,10.25,
LOT_JI,LOT_JI0001,48,REC0020,10.7,
LOT_JJ,LOT_JJ0001,48,REC0020,10.7,
LOT_JL,LOT_JL0001,48,REC0020,10.1,
LOT_JM,LOT_JM0001,48,REC0020,10.15,
LOT_JN,LOT_JN0001,48,REC0020,10.15,
LOT_JP,LOT_JP0001,48,REC0020,10.3,
LOT_JS,LOT_JS0001,48,REC0020,10.4,
LOT_JT,LOT_JT0001,48,REC0020,10,
LOT_JU,LOT_JU0001,48,REC0020,10.65,
LOT_JY,LOT_JY0001,48,REC0020,10.7,
LOT_JZ,LOT_JZ0001,48,REC0020,10.75,
LOT_K,LOT_K0003,144,REC0004,7.5,
LOT_K,LOT_K0004,144,REC0004,7.5,
LOT_K,LOT_K0005,144,REC0004,7.5,
LOT_K,LOT_K0006,144,REC0004,7.5,
LOT_K,LOT_K0007,144,REC0004,7.5,
LOT_K,LOT_K0010,144,REC0004,7.5,
LOT_K,LOT_K0014,144,REC0004,7.5,
LOT_K,LOT_K0015,144,REC0004,7.5,
LOT_K,LOT_K0019,144,REC0004,7.5,
LOT_K,LOT_K0020,144,REC0004,7.5,
LOT_K,LOT_K0022,144,REC0004,7.5,
LOT_K,LOT_K0025,144,REC0004,7.5,
LOT_K,LOT_K0029,144,REC0004,7.5,
LOT_K,LOT_K0031,144,REC0004,7.5,
LOT_K,LOT_K0032,144,REC0004,7.5,
LOT_KA,LOT_KA0001,48,REC0020,10.85,
LOT_KD,LOT_KD0001,48,REC0020,10.5,
LOT_KH,LOT_KH0001,48,REC0020,10.4,
LOT_KM,LOT_KM0001,48,REC0020,10.2,
LOT_KP,LOT_KP0001,48,REC0022,10.5,
LOT_KR,LOT_KR0001,48,REC0022,10.5,
LOT_KT,LOT_KT0001,48,REC0022,10.5,
LOT_KV,LOT_KV0001,48,REC0022,12.25,
LOT_KX,LOT_KX0001,48,REC0022,12.55,
LOT_KY,LOT_KY0001,48,REC0022,12.35,
LOT_L,LOT_L0002,120,REC0005,8.5,
LOT_L,LOT_L0003,120,REC0005,8.5,
LOT_L,LOT_L0004,120,REC0005,8.5,
LOT_L,LOT_L0005,120,REC0005,8.5,
LOT_L,LOT_L0010,120,REC0005,8.5,
LOT_LA,LOT_LA0001,48,REC0022,12.55,
LOT_LD,LOT_LD0001,48,REC0022,12.25,
LOT_LF,LOT_LF0001,48,REC0022,12.55,
LOT_LH,LOT_LH0001,48,REC0019,15,
LOT_LM,LOT_LM0001,48,REC0019,14.75,
LOT_LO,LOT_LO0001,48,REC0019,14.7,
LOT_LQ,LOT_LQ0001,48,REC0019,14.7,
LOT_LR,LOT_LR0001,48,REC0019,15.8,
LOT_LT,LOT_LT0001,48,REC0019,15.85,
LOT_LV,LOT_LV0001,48,REC0019,15.35,
LOT_LW,LOT_LW0001,24,REC0021,8.6,
LOT_LY,LOT_LY0001,24,REC0021,8.75,
LOT_LZ,LOT_LZ0001,24,REC0021,8.25,
LOT_M,LOT_M0001,168,REC0006,8,
LOT_M,LOT_M0003,168,REC0006,8,
LOT_M,LOT_M0005,168,REC0006,8,
LOT_M,LOT_M0010,168,REC0006,8,
LOT_M,LOT_M0015,168,REC0006,8,
LOT_M,LOT_M0016,168,REC0006,8,
LOT_M,LOT_M0018,168,REC0006,8,
LOT_M,LOT_M0020,168,REC0006,8,
LOT_M,LOT_M0028,168,REC0006,8,
LOT_M,LOT_M0032,168,REC0006,8,
LOT_M,LOT_M0034,168,REC0006,8,
LOT_M,LOT_M0037,168,REC0006,8,
LOT_M,LOT_M0047,168,REC0006,8,
LOT_M,LOT_M0049,168,REC0006,8,
LOT_M,LOT_M0050,168,REC0006,8,
LOT_M,LOT_M0053,168,REC0006,8,
LOT_M,LOT_M0057,168,REC0006,8,
LOT_M,LOT_M0058,168,REC0006,8,
LOT_M,LOT_M0061,168,REC0006,8,
LOT_M,LOT_M0064,168,REC0006,8,
LOT_M,LOT_M0072,168,REC0006,8,
LOT_MC,LOT_MC0001,24,REC0021,8.45,
LOT_MD,LOT_MD0001,24,REC0021,8.15,
LOT_ME,LOT_ME0001,24,REC0021,8.45,
LOT_MJ,LOT_MJ0001,24,REC0021,8.6,
LOT_MK,LOT_MK0001,24,REC0021,8.4,
LOT_MM,LOT_MM0001,24,REC0021,8.75,
LOT_MO,LOT_MO0001,24,REC0021,8.1,
LOT_MR,LOT_MR0001,24,REC0021,8.35,
LOT_MV,LOT_MV0001,24,REC0021,8.7,
LOT_MW,LOT_MW0001,24,REC0021,8.6,
LOT_MX,LOT_MX0001,24,REC0021,8.25,
LOT_N,LOT_N0002,144,REC0006,8.5,
LOT_N,LOT_N0007,144,REC0006,8.5,
LOT_N,LOT_N0011,144,REC0006,8.5,
LOT_N,LOT_N0012,144,REC0006,8.5,
LOT_N,LOT_N0013,144,REC0006,8.5,
LOT_N,LOT_N0021,144,REC0006,8.5,
LOT_N,LOT_N0026,144,REC0006,8.5,
LOT_N,LOT_N0027,144,REC0006,8.5,
LOT_N,LOT_N0030,144,REC0006,8.5,
LOT_N,LOT_N0033,144,REC0006,8.5,
LOT_N,LOT_N0038,144,REC0006,8.5,
LOT_N,LOT_N0046,144,REC0006,8.5,
LOT_N,LOT_N0051,144,REC0006,8.5,
LOT_N,LOT_N0053,144,REC0006,8.5,
LOT_N,LOT_N0056,144,REC0006,8.5,
LOT_N,LOT_N0057,144,REC0006,8.5,
LOT_N,LOT_N0061,144,REC0006,8.5,
LOT_N,LOT_N0064,144,REC0006,8.5,
LOT_N,LOT_N0065,144,REC0006,8.5,
LOT_N,LOT_N0067,144,REC0006,8.5,
LOT_N,LOT_N0071,144,REC0006,8.5,
LOT_N,LOT_N0073,144,REC0006,8.5,
LOT_N,LOT_N0074,144,REC0006,8.5,
LOT_N,LOT_N0076,144,REC0006,8.5,
LOT_NA,LOT_NA0001,24,REC0021,8.15,
LOT_O,LOT_O0003,120,REC0006,10.2,
LOT_O,LOT_O0004,120,REC0006,10.2,
LOT_O,LOT_O0005,120,REC0006,10.2,
LOT_O,LOT_O0017,120,REC0006,10.2,
LOT_O,LOT_O0023,120,REC0006,10.2,
LOT_O,LOT_O0024,120,REC0006,10.2,
LOT_O,LOT_O0025,120,REC0006,10.2,
LOT_O,LOT_O0030,120,REC0006,10.2,
LOT_O,LOT_O0032,120,REC0006,10,
LOT_O,LOT_O0035,120,REC0006,10,
LOT_O,LOT_O0040,120,REC0006,10,
LOT_O,LOT_O0047,120,REC0006,10,
LOT_O,LOT_O0052,120,REC0006,10,
LOT_P,LOT_P0002,72,REC0007,6.25,
LOT_P,LOT_P0009,72,REC0007,6.25,
LOT_P,LOT_P0011,72,REC0007,6.25,
LOT_P,LOT_P0015,72,REC0007,6.25,
LOT_P,LOT_P0020,72,REC0007,6.25,
LOT_P,LOT_P0026,72,REC0007,6.25,
LOT_P,LOT_P0033,72,REC0007,6.25,
LOT_P,LOT_P0037,72,REC0007,6.25,
LOT_P,LOT_P0039,72,REC0007,6.65,
LOT_P,LOT_P0044,72,REC0007,6.65,
LOT_P,LOT_P0045,72,REC0007,6.65,
LOT_P,LOT_P0052,72,REC0007,6.65,
LOT_P,LOT_P0054,72,REC0007,6.65,
LOT_P,LOT_P0056,72,REC0007,6.65,
LOT_P,LOT_P0058,72,REC0007,6.65,
LOT_P,LOT_P0060,72,REC0007,6.65,
LOT_P,LOT_P0061,72,REC0007,6.65,
LOT_P,LOT_P0062,72,REC0007,6.65,
LOT_P,LOT_P0063,72,REC0007,6.65,
LOT_P,LOT_P0064,72,REC0007,6.65,
LOT_P,LOT_P0065,72,REC0007,6.65,
LOT_P,LOT_P0067,72,REC0007,6.65,
LOT_P,LOT_P0070,72,REC0007,6.65,
LOT_Q,LOT_Q0006,72,REC0007,6.2,
LOT_Q,LOT_Q0011,72,REC0007,6.2,
LOT_Q,LOT_Q0019,72,REC0007,6.2,
LOT_Q,LOT_Q0032,72,REC0007,6.2,
LOT_Q,LOT_Q0033,72,REC0007,6.2,
LOT_Q,LOT_Q0037,72,REC0007,6.2,
LOT_Q,LOT_Q0039,72,REC0007,6.2,
LOT_Q,LOT_Q0049,72,REC0007,6.2,
LOT_Q,LOT_Q0050,72,REC0007,6.2,
LOT_Q,LOT_Q0055,72,REC0007,6.2,
LOT_Q,LOT_Q0056,72,REC0007,6.2,
LOT_Q,LOT_Q0058,72,REC0007,6.2,
LOT_Q,LOT_Q0059,72,REC0007,6.2,
LOT_Q,LOT_Q0063,72,REC0007,6.2,
LOT_Q,LOT_Q0065,72,REC0007,6.2,
LOT_R,LOT_R0001,48,REC0009,16.8,
LOT_S,LOT_S0006,72,REC0007,6.9,
LOT_S,LOT_S0009,72,REC0007,6.9,
LOT_S,LOT_S0010,72,REC0007,6.9,
LOT_S,LOT_S0013,72,REC0007,6.9,
LOT_S,LOT_S0017,72,REC0007,6.9,
LOT_S,LOT_S0019,72,REC0007,6.9,
LOT_S,LOT_S0021,72,REC0007,6.9,
LOT_S,LOT_S0023,72,REC0007,6.9,
LOT_S,LOT_S0031,72,REC0007,6.9,
LOT_S,LOT_S0038,72,REC0007,6.9,
LOT_S,LOT_S0042,72,REC0007,6.9,
LOT_S,LOT_S0044,72,REC0007,6.9,
LOT_S,LOT_S0047,72,REC0007,6.9,
LOT_S,LOT_S0048,72,REC0007,6.9,
LOT_S,LOT_S0049,72,REC0007,6.9,
LOT_S,LOT_S0050,72,REC0007,6.9,
LOT_S,LOT_S0055,72,REC0007,6.9,
LOT_S,LOT_S0056,72,REC0007,6.9,
LOT_S,LOT_S0058,72,REC0007,6.9,
LOT_S,LOT_S0059,72,REC0007,6.9,
LOT_T,LOT_T0005,24,REC0007,10.25,
LOT_T,LOT_T0009,24,REC0007,10.25,
LOT_T,LOT_T0010,24,REC0007,10.25,
LOT_U,LOT_U0001,72,REC0007,6.6,
LOT_U,LOT_U0003,72,REC0007,6.6,
LOT_U,LOT_U0005,72,REC0007,6.6,
LOT_U,LOT_U0006,72,REC0007,6.6,
LOT_U,LOT_U0011,72,REC0007,6.6,
LOT_U,LOT_U0014,72,REC0007,6.6,
LOT_U,LOT_U0019,72,REC0007,6.6,
LOT_U,LOT_U0022,72,REC0007,6.6,
LOT_U,LOT_U0026,72,REC0007,6.6,
LOT_U,LOT_U0028,72,REC0007,6.6,
LOT_V,LOT_V0001,96,REC0008,8,
LOT_V,LOT_V0005,96,REC0008,8,
LOT_V,LOT_V0006,96,REC0008,8,
LOT_V,LOT_V0007,96,REC0008,8,
LOT_V,LOT_V0010,96,REC0008,8,
LOT_V,LOT_V0013,96,REC0008,8,
LOT_V,LOT_V0014,96,REC0008,8,
LOT_V,LOT_V0016,96,REC0008,8,
LOT_V,LOT_V0017,96,REC0008,8,
LOT_V,LOT_V0018,96,REC0008,8,
LOT_V,LOT_V0019,96,REC0008,8,
LOT_V,LOT_V0023,96,REC0008,8,
LOT_V,LOT_V0025,96,REC0008,8.2,
LOT_W,LOT_W0001,72,REC0009,16.85,
LOT_W,LOT_W0002,72,REC0009,16.85,
LOT_W,LOT_W0003,72,REC0009,16.85,
LOT_X,LOT_X0005,120,REC0010,4.45,
LOT_X,LOT_X0006,120,REC0010,4.45,
LOT_X,LOT_X0008,120,REC0010,4.45,
LOT_Y,LOT_Y0003,192,REC0010,4.55,
LOT_Y,LOT_Y0004,192,REC0010,4.55,
LOT_Y,LOT_Y0005,192,REC0010,4.55,
LOT_Y,LOT_Y0010,192,REC0010,4.55,
LOT_Y,LOT_Y0011,192,REC0010,4.55,
LOT_Y,LOT_Y0012,192,REC0010,4.55,
LOT_Y,LOT_Y0014,192,REC0010,4.55,
LOT_Y,LOT_Y0016,192,REC0010,4.55,
LOT_Y,LOT_Y0017,192,REC0010,4.55,
LOT_Y,LOT_Y0027,192,REC0010,4.55,
LOT_Y,LOT_Y0031,192,REC0010,4.55,
LOT_Y,LOT_Y0034,192,REC0010,4.55,
LOT_Y,LOT_Y0036,192,REC0010,4.55,
LOT_Y,LOT_Y0039,192,REC0010,4.55,
LOT_Y,LOT_Y0041,192,REC0010,4.55,
LOT_Y,LOT_Y0044,192,REC0010,4.55,
LOT_Y,LOT_Y0045,192,REC0010,4.55,
LOT_Y,LOT_Y0053,192,REC0010,4.55,
LOT_Y,LOT_Y0054,192,REC0010,4.55,
LOT_Y,LOT_Y0056,192,REC0010,4.55,
LOT_Y,LOT_Y0059,192,REC0010,4.55,
LOT_Y,LOT_Y0066,192,REC0010,4.55,
LOT_Y,LOT_Y0068,192,REC0010,4.55,
LOT_Y,LOT_Y0073,192,REC0010,4.55,
LOT_Y,LOT_Y0074,192,REC0010,4.55,
LOT_Y,LOT_Y0079,192,REC0010,4.55,
LOT_Y,LOT_Y0081,192,REC0010,4.55,
LOT_Z,LOT_Z0004,72,REC0010,4.15,
LOT_Z,LOT_Z0007,72,REC0010,4.15,
LOT_Z,LOT_Z0009,72,REC0010,4.15,
LOT_Z,LOT_Z0011,72,REC0010,4.15,
LOT_Z,LOT_Z0015,72,REC0010,4.15,